timestamp,timestamp,meter_reading
2016-01-01 00:00:00,2016-01-01 00:00:00,101.33
2016-01-01 01:00:00,2016-01-01 01:00:00,102.42
2016-01-01 02:00:00,2016-01-01 02:00:00,102.6
2016-01-01 03:00:00,2016-01-01 03:00:00,103.94
2016-01-01 04:00:00,2016-01-01 04:00:00,100.86
2016-01-01 05:00:00,2016-01-01 05:00:00,103.46
2016-01-01 06:00:00,2016-01-01 06:00:00,103.9
2016-01-01 07:00:00,2016-01-01 07:00:00,105.12
2016-01-01 08:00:00,2016-01-01 08:00:00,103.94
2016-01-01 09:00:00,2016-01-01 09:00:00,105.51
2016-01-01 10:00:00,2016-01-01 10:00:00,103.12
2016-01-01 11:00:00,2016-01-01 11:00:00,97.78
2016-01-01 12:00:00,2016-01-01 12:00:00,97.04
2016-01-01 13:00:00,2016-01-01 13:00:00,97.38
2016-01-01 14:00:00,2016-01-01 14:00:00,98.86
2016-01-01 15:00:00,2016-01-01 15:00:00,99.23
2016-01-01 16:00:00,2016-01-01 16:00:00,99.16
2016-01-01 17:00:00,2016-01-01 17:00:00,101.47
2016-01-01 18:00:00,2016-01-01 18:00:00,103.23
2016-01-01 19:00:00,2016-01-01 19:00:00,104.96
2016-01-01 20:00:00,2016-01-01 20:00:00,106.13
2016-01-01 21:00:00,2016-01-01 21:00:00,106.31
2016-01-01 22:00:00,2016-01-01 22:00:00,105.71
2016-01-01 23:00:00,2016-01-01 23:00:00,105.68
2016-01-02 00:00:00,2016-01-02 00:00:00,104.88
2016-01-02 01:00:00,2016-01-02 01:00:00,105.66
2016-01-02 02:00:00,2016-01-02 02:00:00,104.71
2016-01-02 03:00:00,2016-01-02 03:00:00,105.15
2016-01-02 04:00:00,2016-01-02 04:00:00,105.62
2016-01-02 05:00:00,2016-01-02 05:00:00,104.64
2016-01-02 06:00:00,2016-01-02 06:00:00,105.46
2016-01-02 07:00:00,2016-01-02 07:00:00,105.72
2016-01-02 08:00:00,2016-01-02 08:00:00,104.22
2016-01-02 09:00:00,2016-01-02 09:00:00,104.01
2016-01-02 10:00:00,2016-01-02 10:00:00,102.18
2016-01-02 11:00:00,2016-01-02 11:00:00,99.23
2016-01-02 12:00:00,2016-01-02 12:00:00,97.39
2016-01-02 13:00:00,2016-01-02 13:00:00,95.44
2016-01-02 14:00:00,2016-01-02 14:00:00,94.63
2016-01-02 15:00:00,2016-01-02 15:00:00,95.13
2016-01-02 16:00:00,2016-01-02 16:00:00,94.94
2016-01-02 17:00:00,2016-01-02 17:00:00,94.97
2016-01-02 18:00:00,2016-01-02 18:00:00,97.78
2016-01-02 19:00:00,2016-01-02 19:00:00,98.4
2016-01-02 20:00:00,2016-01-02 20:00:00,100.87
2016-01-02 21:00:00,2016-01-02 21:00:00,103.66
2016-01-02 22:00:00,2016-01-02 22:00:00,104.22
2016-01-02 23:00:00,2016-01-02 23:00:00,104.69
2016-01-03 00:00:00,2016-01-03 00:00:00,103.96
2016-01-03 01:00:00,2016-01-03 01:00:00,104.27
2016-01-03 02:00:00,2016-01-03 02:00:00,105.12
2016-01-03 03:00:00,2016-01-03 03:00:00,105.07
2016-01-03 04:00:00,2016-01-03 04:00:00,104.56
2016-01-03 05:00:00,2016-01-03 05:00:00,105.43
2016-01-03 06:00:00,2016-01-03 06:00:00,105.54
2016-01-03 07:00:00,2016-01-03 07:00:00,106.13
2016-01-03 08:00:00,2016-01-03 08:00:00,104.28
2016-01-03 09:00:00,2016-01-03 09:00:00,104.14
2016-01-03 10:00:00,2016-01-03 10:00:00,103.6
2016-01-03 11:00:00,2016-01-03 11:00:00,98.69
2016-01-03 12:00:00,2016-01-03 12:00:00,93.05
2016-01-03 13:00:00,2016-01-03 13:00:00,90.92
2016-01-03 14:00:00,2016-01-03 14:00:00,90.49
2016-01-03 15:00:00,2016-01-03 15:00:00,89.45
2016-01-03 16:00:00,2016-01-03 16:00:00,88.72
2016-01-03 17:00:00,2016-01-03 17:00:00,89.38
2016-01-03 18:00:00,2016-01-03 18:00:00,94.27
2016-01-03 19:00:00,2016-01-03 19:00:00,100.96
2016-01-03 20:00:00,2016-01-03 20:00:00,104.21
2016-01-03 21:00:00,2016-01-03 21:00:00,104.68
2016-01-03 22:00:00,2016-01-03 22:00:00,104.54
2016-01-03 23:00:00,2016-01-03 23:00:00,105.98
2016-01-04 00:00:00,2016-01-04 00:00:00,104.83
2016-01-04 01:00:00,2016-01-04 01:00:00,104.79
2016-01-04 02:00:00,2016-01-04 02:00:00,104.4
2016-01-04 03:00:00,2016-01-04 03:00:00,104.43
2016-01-04 04:00:00,2016-01-04 04:00:00,104.97
2016-01-04 05:00:00,2016-01-04 05:00:00,104.45
2016-01-04 06:00:00,2016-01-04 06:00:00,105.35
2016-01-04 07:00:00,2016-01-04 07:00:00,135.44
2016-01-04 08:00:00,2016-01-04 08:00:00,156.29
2016-01-04 09:00:00,2016-01-04 09:00:00,166.01
2016-01-04 10:00:00,2016-01-04 10:00:00,159.73
2016-01-04 11:00:00,2016-01-04 11:00:00,161.41
2016-01-04 12:00:00,2016-01-04 12:00:00,166.76
2016-01-04 13:00:00,2016-01-04 13:00:00,159.48
2016-01-04 14:00:00,2016-01-04 14:00:00,158.25
2016-01-04 15:00:00,2016-01-04 15:00:00,156.22
2016-01-04 16:00:00,2016-01-04 16:00:00,152.95
2016-01-04 17:00:00,2016-01-04 17:00:00,150.09
2016-01-04 18:00:00,2016-01-04 18:00:00,146.37
2016-01-04 19:00:00,2016-01-04 19:00:00,136.25
2016-01-04 20:00:00,2016-01-04 20:00:00,125.87
2016-01-04 21:00:00,2016-01-04 21:00:00,118.55
2016-01-04 22:00:00,2016-01-04 22:00:00,118.18
2016-01-04 23:00:00,2016-01-04 23:00:00,118.29
2016-01-05 00:00:00,2016-01-05 00:00:00,117.35
2016-01-05 01:00:00,2016-01-05 01:00:00,119.92
2016-01-05 02:00:00,2016-01-05 02:00:00,118.08
2016-01-05 03:00:00,2016-01-05 03:00:00,118.85
2016-01-05 04:00:00,2016-01-05 04:00:00,118.7
2016-01-05 05:00:00,2016-01-05 05:00:00,115.7
2016-01-05 06:00:00,2016-01-05 06:00:00,136.23
2016-01-05 07:00:00,2016-01-05 07:00:00,150.8
2016-01-05 08:00:00,2016-01-05 08:00:00,159.5
2016-01-05 09:00:00,2016-01-05 09:00:00,176.99
2016-01-05 10:00:00,2016-01-05 10:00:00,172.43
2016-01-05 11:00:00,2016-01-05 11:00:00,171.73
2016-01-05 12:00:00,2016-01-05 12:00:00,181.05
2016-01-05 13:00:00,2016-01-05 13:00:00,175.56
2016-01-05 14:00:00,2016-01-05 14:00:00,168.98
2016-01-05 15:00:00,2016-01-05 15:00:00,170.78
2016-01-05 16:00:00,2016-01-05 16:00:00,164.35
2016-01-05 17:00:00,2016-01-05 17:00:00,160.3
2016-01-05 18:00:00,2016-01-05 18:00:00,142.42
2016-01-05 19:00:00,2016-01-05 19:00:00,124.89
2016-01-05 20:00:00,2016-01-05 20:00:00,126.27
2016-01-05 21:00:00,2016-01-05 21:00:00,125.91
2016-01-05 22:00:00,2016-01-05 22:00:00,124.88
2016-01-05 23:00:00,2016-01-05 23:00:00,125.29
2016-01-06 00:00:00,2016-01-06 00:00:00,124.01
2016-01-06 01:00:00,2016-01-06 01:00:00,124.42
2016-01-06 02:00:00,2016-01-06 02:00:00,124.16
2016-01-06 03:00:00,2016-01-06 03:00:00,124.13
2016-01-06 04:00:00,2016-01-06 04:00:00,124.52
2016-01-06 05:00:00,2016-01-06 05:00:00,124.36
2016-01-06 06:00:00,2016-01-06 06:00:00,138.4
2016-01-06 07:00:00,2016-01-06 07:00:00,154.05
2016-01-06 08:00:00,2016-01-06 08:00:00,167.35
2016-01-06 09:00:00,2016-01-06 09:00:00,177.73
2016-01-06 10:00:00,2016-01-06 10:00:00,172.58
2016-01-06 11:00:00,2016-01-06 11:00:00,173.9
2016-01-06 12:00:00,2016-01-06 12:00:00,173.35
2016-01-06 13:00:00,2016-01-06 13:00:00,162.1
2016-01-06 14:00:00,2016-01-06 14:00:00,162.66
2016-01-06 15:00:00,2016-01-06 15:00:00,156.41
2016-01-06 16:00:00,2016-01-06 16:00:00,157.43
2016-01-06 17:00:00,2016-01-06 17:00:00,147.32
2016-01-06 18:00:00,2016-01-06 18:00:00,143.55
2016-01-06 19:00:00,2016-01-06 19:00:00,130.98
2016-01-06 20:00:00,2016-01-06 20:00:00,124.65
2016-01-06 21:00:00,2016-01-06 21:00:00,116.47
2016-01-06 22:00:00,2016-01-06 22:00:00,114.92
2016-01-06 23:00:00,2016-01-06 23:00:00,114.03
2016-01-07 00:00:00,2016-01-07 00:00:00,114.21
2016-01-07 01:00:00,2016-01-07 01:00:00,113.85
2016-01-07 02:00:00,2016-01-07 02:00:00,113.51
2016-01-07 03:00:00,2016-01-07 03:00:00,114.63
2016-01-07 04:00:00,2016-01-07 04:00:00,113.27
2016-01-07 05:00:00,2016-01-07 05:00:00,113.11
2016-01-07 06:00:00,2016-01-07 06:00:00,115.29
2016-01-07 07:00:00,2016-01-07 07:00:00,144.64
2016-01-07 08:00:00,2016-01-07 08:00:00,161.61
2016-01-07 09:00:00,2016-01-07 09:00:00,168.32
2016-01-07 10:00:00,2016-01-07 10:00:00,173.45
2016-01-07 11:00:00,2016-01-07 11:00:00,171.12
2016-01-07 12:00:00,2016-01-07 12:00:00,172.51
2016-01-07 13:00:00,2016-01-07 13:00:00,100.63
2016-01-07 14:00:00,2016-01-07 14:00:00,96.94
2016-01-07 15:00:00,2016-01-07 15:00:00,95.18
2016-01-07 16:00:00,2016-01-07 16:00:00,95.34
2016-01-07 17:00:00,2016-01-07 17:00:00,94.34
2016-01-07 18:00:00,2016-01-07 18:00:00,86.41
2016-01-07 19:00:00,2016-01-07 19:00:00,84.53
2016-01-07 20:00:00,2016-01-07 20:00:00,85.57
2016-01-07 21:00:00,2016-01-07 21:00:00,87.57
2016-01-07 22:00:00,2016-01-07 22:00:00,87.75
2016-01-07 23:00:00,2016-01-07 23:00:00,86.49
2016-01-08 00:00:00,2016-01-08 00:00:00,87.54
2016-01-08 01:00:00,2016-01-08 01:00:00,99.73
2016-01-08 02:00:00,2016-01-08 02:00:00,99.41
2016-01-08 03:00:00,2016-01-08 03:00:00,100.76
2016-01-08 04:00:00,2016-01-08 04:00:00,103.18
2016-01-08 05:00:00,2016-01-08 05:00:00,103.19
2016-01-08 06:00:00,2016-01-08 06:00:00,108.38
2016-01-08 07:00:00,2016-01-08 07:00:00,133.12
2016-01-08 08:00:00,2016-01-08 08:00:00,141.92
2016-01-08 09:00:00,2016-01-08 09:00:00,144.2
2016-01-08 10:00:00,2016-01-08 10:00:00,139.89
2016-01-08 11:00:00,2016-01-08 11:00:00,138.24
2016-01-08 12:00:00,2016-01-08 12:00:00,136.37
2016-01-08 13:00:00,2016-01-08 13:00:00,127.85
2016-01-08 14:00:00,2016-01-08 14:00:00,130.69
2016-01-08 15:00:00,2016-01-08 15:00:00,127.84
2016-01-08 16:00:00,2016-01-08 16:00:00,116.85
2016-01-08 17:00:00,2016-01-08 17:00:00,103.08
2016-01-08 18:00:00,2016-01-08 18:00:00,99.04
2016-01-08 19:00:00,2016-01-08 19:00:00,99.41
2016-01-08 20:00:00,2016-01-08 20:00:00,99.12
2016-01-08 21:00:00,2016-01-08 21:00:00,100.91
2016-01-08 22:00:00,2016-01-08 22:00:00,101.68
2016-01-08 23:00:00,2016-01-08 23:00:00,100.4
2016-01-09 00:00:00,2016-01-09 00:00:00,100.82
2016-01-09 01:00:00,2016-01-09 01:00:00,92.83
2016-01-09 02:00:00,2016-01-09 02:00:00,92.14
2016-01-09 03:00:00,2016-01-09 03:00:00,92.76
2016-01-09 04:00:00,2016-01-09 04:00:00,93.14
2016-01-09 05:00:00,2016-01-09 05:00:00,92.59
2016-01-09 06:00:00,2016-01-09 06:00:00,93.79
2016-01-09 07:00:00,2016-01-09 07:00:00,93.8
2016-01-09 08:00:00,2016-01-09 08:00:00,94.16
2016-01-09 09:00:00,2016-01-09 09:00:00,94.89
2016-01-09 10:00:00,2016-01-09 10:00:00,92.15
2016-01-09 11:00:00,2016-01-09 11:00:00,91.07
2016-01-09 12:00:00,2016-01-09 12:00:00,91.09
2016-01-09 13:00:00,2016-01-09 13:00:00,89.17
2016-01-09 14:00:00,2016-01-09 14:00:00,89.17
2016-01-09 15:00:00,2016-01-09 15:00:00,88.35
2016-01-09 16:00:00,2016-01-09 16:00:00,88.26
2016-01-09 17:00:00,2016-01-09 17:00:00,89.36
2016-01-09 18:00:00,2016-01-09 18:00:00,92.07
2016-01-09 19:00:00,2016-01-09 19:00:00,93.81
2016-01-09 20:00:00,2016-01-09 20:00:00,93.79
2016-01-09 21:00:00,2016-01-09 21:00:00,95.42
2016-01-09 22:00:00,2016-01-09 22:00:00,96.26
2016-01-09 23:00:00,2016-01-09 23:00:00,97.15
2016-01-10 00:00:00,2016-01-10 00:00:00,97.13
2016-01-10 01:00:00,2016-01-10 01:00:00,97.34
2016-01-10 02:00:00,2016-01-10 02:00:00,97.07
2016-01-10 03:00:00,2016-01-10 03:00:00,97.62
2016-01-10 04:00:00,2016-01-10 04:00:00,96.68
2016-01-10 05:00:00,2016-01-10 05:00:00,97.0
2016-01-10 06:00:00,2016-01-10 06:00:00,97.37
2016-01-10 07:00:00,2016-01-10 07:00:00,97.77
2016-01-10 08:00:00,2016-01-10 08:00:00,96.36
2016-01-10 09:00:00,2016-01-10 09:00:00,96.43
2016-01-10 10:00:00,2016-01-10 10:00:00,97.99
2016-01-10 11:00:00,2016-01-10 11:00:00,95.88
2016-01-10 12:00:00,2016-01-10 12:00:00,90.98
2016-01-10 13:00:00,2016-01-10 13:00:00,89.54
2016-01-10 14:00:00,2016-01-10 14:00:00,89.83
2016-01-10 15:00:00,2016-01-10 15:00:00,88.81
2016-01-10 16:00:00,2016-01-10 16:00:00,88.03
2016-01-10 17:00:00,2016-01-10 17:00:00,89.33
2016-01-10 18:00:00,2016-01-10 18:00:00,91.75
2016-01-10 19:00:00,2016-01-10 19:00:00,94.85
2016-01-10 20:00:00,2016-01-10 20:00:00,96.07
2016-01-10 21:00:00,2016-01-10 21:00:00,96.83
2016-01-10 22:00:00,2016-01-10 22:00:00,96.91
2016-01-10 23:00:00,2016-01-10 23:00:00,96.55
2016-01-11 00:00:00,2016-01-11 00:00:00,96.55
2016-01-11 01:00:00,2016-01-11 01:00:00,97.02
2016-01-11 02:00:00,2016-01-11 02:00:00,97.74
2016-01-11 03:00:00,2016-01-11 03:00:00,98.65
2016-01-11 04:00:00,2016-01-11 04:00:00,99.28
2016-01-11 05:00:00,2016-01-11 05:00:00,100.34
2016-01-11 06:00:00,2016-01-11 06:00:00,101.01
2016-01-11 07:00:00,2016-01-11 07:00:00,112.43
2016-01-11 08:00:00,2016-01-11 08:00:00,120.8
2016-01-11 09:00:00,2016-01-11 09:00:00,128.83
2016-01-11 10:00:00,2016-01-11 10:00:00,128.94
2016-01-11 11:00:00,2016-01-11 11:00:00,132.17
2016-01-11 12:00:00,2016-01-11 12:00:00,135.79
2016-01-11 13:00:00,2016-01-11 13:00:00,133.81
2016-01-11 14:00:00,2016-01-11 14:00:00,132.89
2016-01-11 15:00:00,2016-01-11 15:00:00,132.91
2016-01-11 16:00:00,2016-01-11 16:00:00,123.31
2016-01-11 17:00:00,2016-01-11 17:00:00,117.03
2016-01-11 18:00:00,2016-01-11 18:00:00,113.37
2016-01-11 19:00:00,2016-01-11 19:00:00,110.46
2016-01-11 20:00:00,2016-01-11 20:00:00,107.34
2016-01-11 21:00:00,2016-01-11 21:00:00,105.1
2016-01-11 22:00:00,2016-01-11 22:00:00,104.77
2016-01-11 23:00:00,2016-01-11 23:00:00,104.81
2016-01-12 00:00:00,2016-01-12 00:00:00,103.49
2016-01-12 01:00:00,2016-01-12 01:00:00,104.6
2016-01-12 02:00:00,2016-01-12 02:00:00,102.03
2016-01-12 03:00:00,2016-01-12 03:00:00,101.64
2016-01-12 04:00:00,2016-01-12 04:00:00,103.04
2016-01-12 05:00:00,2016-01-12 05:00:00,99.81
2016-01-12 06:00:00,2016-01-12 06:00:00,108.54
2016-01-12 07:00:00,2016-01-12 07:00:00,114.58
2016-01-12 08:00:00,2016-01-12 08:00:00,118.05
2016-01-12 09:00:00,2016-01-12 09:00:00,128.85
2016-01-12 10:00:00,2016-01-12 10:00:00,133.9
2016-01-12 11:00:00,2016-01-12 11:00:00,137.19
2016-01-12 12:00:00,2016-01-12 12:00:00,138.15
2016-01-12 13:00:00,2016-01-12 13:00:00,135.69
2016-01-12 14:00:00,2016-01-12 14:00:00,132.13
2016-01-12 15:00:00,2016-01-12 15:00:00,131.84
2016-01-12 16:00:00,2016-01-12 16:00:00,123.58
2016-01-12 17:00:00,2016-01-12 17:00:00,114.56
2016-01-12 18:00:00,2016-01-12 18:00:00,107.77
2016-01-12 19:00:00,2016-01-12 19:00:00,102.61
2016-01-12 20:00:00,2016-01-12 20:00:00,102.32
2016-01-12 21:00:00,2016-01-12 21:00:00,104.25
2016-01-12 22:00:00,2016-01-12 22:00:00,100.86
2016-01-12 23:00:00,2016-01-12 23:00:00,101.91
2016-01-13 00:00:00,2016-01-13 00:00:00,102.5
2016-01-13 01:00:00,2016-01-13 01:00:00,103.97
2016-01-13 02:00:00,2016-01-13 02:00:00,101.8
2016-01-13 03:00:00,2016-01-13 03:00:00,104.08
2016-01-13 04:00:00,2016-01-13 04:00:00,102.68
2016-01-13 05:00:00,2016-01-13 05:00:00,102.11
2016-01-13 06:00:00,2016-01-13 06:00:00,108.47
2016-01-13 07:00:00,2016-01-13 07:00:00,117.84
2016-01-13 08:00:00,2016-01-13 08:00:00,127.45
2016-01-13 09:00:00,2016-01-13 09:00:00,131.04
2016-01-13 10:00:00,2016-01-13 10:00:00,129.55
2016-01-13 11:00:00,2016-01-13 11:00:00,127.76
2016-01-13 12:00:00,2016-01-13 12:00:00,125.35
2016-01-13 13:00:00,2016-01-13 13:00:00,124.59
2016-01-13 14:00:00,2016-01-13 14:00:00,125.58
2016-01-13 15:00:00,2016-01-13 15:00:00,123.12
2016-01-13 16:00:00,2016-01-13 16:00:00,116.02
2016-01-13 17:00:00,2016-01-13 17:00:00,107.89
2016-01-13 18:00:00,2016-01-13 18:00:00,107.91
2016-01-13 19:00:00,2016-01-13 19:00:00,101.82
2016-01-13 20:00:00,2016-01-13 20:00:00,101.82
2016-01-13 21:00:00,2016-01-13 21:00:00,98.67
2016-01-13 22:00:00,2016-01-13 22:00:00,96.84
2016-01-13 23:00:00,2016-01-13 23:00:00,95.67
2016-01-14 00:00:00,2016-01-14 00:00:00,96.0
2016-01-14 01:00:00,2016-01-14 01:00:00,90.95
2016-01-14 02:00:00,2016-01-14 02:00:00,91.35
2016-01-14 03:00:00,2016-01-14 03:00:00,90.53
2016-01-14 04:00:00,2016-01-14 04:00:00,90.92
2016-01-14 05:00:00,2016-01-14 05:00:00,90.51
2016-01-14 06:00:00,2016-01-14 06:00:00,97.59
2016-01-14 07:00:00,2016-01-14 07:00:00,104.34
2016-01-14 08:00:00,2016-01-14 08:00:00,111.26
2016-01-14 09:00:00,2016-01-14 09:00:00,110.94
2016-01-14 10:00:00,2016-01-14 10:00:00,109.16
2016-01-14 11:00:00,2016-01-14 11:00:00,110.25
2016-01-14 12:00:00,2016-01-14 12:00:00,108.65
2016-01-14 13:00:00,2016-01-14 13:00:00,100.63
2016-01-14 14:00:00,2016-01-14 14:00:00,96.94
2016-01-14 15:00:00,2016-01-14 15:00:00,95.18
2016-01-14 16:00:00,2016-01-14 16:00:00,95.34
2016-01-14 17:00:00,2016-01-14 17:00:00,94.34
2016-01-14 18:00:00,2016-01-14 18:00:00,86.41
2016-01-14 19:00:00,2016-01-14 19:00:00,84.53
2016-01-14 20:00:00,2016-01-14 20:00:00,85.57
2016-01-14 21:00:00,2016-01-14 21:00:00,87.57
2016-01-14 22:00:00,2016-01-14 22:00:00,87.75
2016-01-14 23:00:00,2016-01-14 23:00:00,86.49
2016-01-15 00:00:00,2016-01-15 00:00:00,114.42
2016-01-15 01:00:00,2016-01-15 01:00:00,208.58
2016-01-15 02:00:00,2016-01-15 02:00:00,207.83
2016-01-15 03:00:00,2016-01-15 03:00:00,210.51
2016-01-15 04:00:00,2016-01-15 04:00:00,213.09
2016-01-15 05:00:00,2016-01-15 05:00:00,212.72
2016-01-15 06:00:00,2016-01-15 06:00:00,222.83
2016-01-15 07:00:00,2016-01-15 07:00:00,281.5
2016-01-15 08:00:00,2016-01-15 08:00:00,306.42
2016-01-15 09:00:00,2016-01-15 09:00:00,315.43
2016-01-15 10:00:00,2016-01-15 10:00:00,310.42
2016-01-15 11:00:00,2016-01-15 11:00:00,302.14
2016-01-15 12:00:00,2016-01-15 12:00:00,291.47
2016-01-15 13:00:00,2016-01-15 13:00:00,272.39
2016-01-15 14:00:00,2016-01-15 14:00:00,270.87
2016-01-15 15:00:00,2016-01-15 15:00:00,270.66
2016-01-15 16:00:00,2016-01-15 16:00:00,251.41
2016-01-15 17:00:00,2016-01-15 17:00:00,223.28
2016-01-15 18:00:00,2016-01-15 18:00:00,205.56
2016-01-15 19:00:00,2016-01-15 19:00:00,207.76
2016-01-15 20:00:00,2016-01-15 20:00:00,209.95
2016-01-15 21:00:00,2016-01-15 21:00:00,210.92
2016-01-15 22:00:00,2016-01-15 22:00:00,210.02
2016-01-15 23:00:00,2016-01-15 23:00:00,211.41
2016-01-16 00:00:00,2016-01-16 00:00:00,211.92
2016-01-16 01:00:00,2016-01-16 01:00:00,202.87
2016-01-16 02:00:00,2016-01-16 02:00:00,201.44
2016-01-16 03:00:00,2016-01-16 03:00:00,203.39
2016-01-16 04:00:00,2016-01-16 04:00:00,202.34
2016-01-16 05:00:00,2016-01-16 05:00:00,200.54
2016-01-16 06:00:00,2016-01-16 06:00:00,203.46
2016-01-16 07:00:00,2016-01-16 07:00:00,202.99
2016-01-16 08:00:00,2016-01-16 08:00:00,203.3
2016-01-16 09:00:00,2016-01-16 09:00:00,201.18
2016-01-16 10:00:00,2016-01-16 10:00:00,197.95
2016-01-16 11:00:00,2016-01-16 11:00:00,194.14
2016-01-16 12:00:00,2016-01-16 12:00:00,191.85
2016-01-16 13:00:00,2016-01-16 13:00:00,185.78
2016-01-16 14:00:00,2016-01-16 14:00:00,181.97
2016-01-16 15:00:00,2016-01-16 15:00:00,179.84
2016-01-16 16:00:00,2016-01-16 16:00:00,185.79
2016-01-16 17:00:00,2016-01-16 17:00:00,187.8
2016-01-16 18:00:00,2016-01-16 18:00:00,195.28
2016-01-16 19:00:00,2016-01-16 19:00:00,204.36
2016-01-16 20:00:00,2016-01-16 20:00:00,205.31
2016-01-16 21:00:00,2016-01-16 21:00:00,206.92
2016-01-16 22:00:00,2016-01-16 22:00:00,208.45
2016-01-16 23:00:00,2016-01-16 23:00:00,210.67
2016-01-17 00:00:00,2016-01-17 00:00:00,212.67
2016-01-17 01:00:00,2016-01-17 01:00:00,212.43
2016-01-17 02:00:00,2016-01-17 02:00:00,211.72
2016-01-17 03:00:00,2016-01-17 03:00:00,213.31
2016-01-17 04:00:00,2016-01-17 04:00:00,211.03
2016-01-17 05:00:00,2016-01-17 05:00:00,210.91
2016-01-17 06:00:00,2016-01-17 06:00:00,213.36
2016-01-17 07:00:00,2016-01-17 07:00:00,213.47
2016-01-17 08:00:00,2016-01-17 08:00:00,212.2
2016-01-17 09:00:00,2016-01-17 09:00:00,210.34
2016-01-17 10:00:00,2016-01-17 10:00:00,211.04
2016-01-17 11:00:00,2016-01-17 11:00:00,209.79
2016-01-17 12:00:00,2016-01-17 12:00:00,203.91
2016-01-17 13:00:00,2016-01-17 13:00:00,202.48
2016-01-17 14:00:00,2016-01-17 14:00:00,203.28
2016-01-17 15:00:00,2016-01-17 15:00:00,202.51
2016-01-17 16:00:00,2016-01-17 16:00:00,202.18
2016-01-17 17:00:00,2016-01-17 17:00:00,202.84
2016-01-17 18:00:00,2016-01-17 18:00:00,206.97
2016-01-17 19:00:00,2016-01-17 19:00:00,210.64
2016-01-17 20:00:00,2016-01-17 20:00:00,211.5
2016-01-17 21:00:00,2016-01-17 21:00:00,213.66
2016-01-17 22:00:00,2016-01-17 22:00:00,213.0
2016-01-17 23:00:00,2016-01-17 23:00:00,211.74
2016-01-18 00:00:00,2016-01-18 00:00:00,212.74
2016-01-18 01:00:00,2016-01-18 01:00:00,213.04
2016-01-18 02:00:00,2016-01-18 02:00:00,211.91
2016-01-18 03:00:00,2016-01-18 03:00:00,213.56
2016-01-18 04:00:00,2016-01-18 04:00:00,211.61
2016-01-18 05:00:00,2016-01-18 05:00:00,212.27
2016-01-18 06:00:00,2016-01-18 06:00:00,213.29
2016-01-18 07:00:00,2016-01-18 07:00:00,215.77
2016-01-18 08:00:00,2016-01-18 08:00:00,212.99
2016-01-18 09:00:00,2016-01-18 09:00:00,212.26
2016-01-18 10:00:00,2016-01-18 10:00:00,212.24
2016-01-18 11:00:00,2016-01-18 11:00:00,210.46
2016-01-18 12:00:00,2016-01-18 12:00:00,205.33
2016-01-18 13:00:00,2016-01-18 13:00:00,204.34
2016-01-18 14:00:00,2016-01-18 14:00:00,203.16
2016-01-18 15:00:00,2016-01-18 15:00:00,202.77
2016-01-18 16:00:00,2016-01-18 16:00:00,203.76
2016-01-18 17:00:00,2016-01-18 17:00:00,203.76
2016-01-18 18:00:00,2016-01-18 18:00:00,208.72
2016-01-18 19:00:00,2016-01-18 19:00:00,211.29
2016-01-18 20:00:00,2016-01-18 20:00:00,212.04
2016-01-18 21:00:00,2016-01-18 21:00:00,215.28
2016-01-18 22:00:00,2016-01-18 22:00:00,214.25
2016-01-18 23:00:00,2016-01-18 23:00:00,212.11
2016-01-19 00:00:00,2016-01-19 00:00:00,211.21
2016-01-19 01:00:00,2016-01-19 01:00:00,219.66
2016-01-19 02:00:00,2016-01-19 02:00:00,216.72
2016-01-19 03:00:00,2016-01-19 03:00:00,218.0
2016-01-19 04:00:00,2016-01-19 04:00:00,217.57
2016-01-19 05:00:00,2016-01-19 05:00:00,214.24
2016-01-19 06:00:00,2016-01-19 06:00:00,225.14
2016-01-19 07:00:00,2016-01-19 07:00:00,269.29
2016-01-19 08:00:00,2016-01-19 08:00:00,300.47
2016-01-19 09:00:00,2016-01-19 09:00:00,318.43
2016-01-19 10:00:00,2016-01-19 10:00:00,319.14
2016-01-19 11:00:00,2016-01-19 11:00:00,324.98
2016-01-19 12:00:00,2016-01-19 12:00:00,327.1
2016-01-19 13:00:00,2016-01-19 13:00:00,322.52
2016-01-19 14:00:00,2016-01-19 14:00:00,313.98
2016-01-19 15:00:00,2016-01-19 15:00:00,320.73
2016-01-19 16:00:00,2016-01-19 16:00:00,302.5
2016-01-19 17:00:00,2016-01-19 17:00:00,284.53
2016-01-19 18:00:00,2016-01-19 18:00:00,263.22
2016-01-19 19:00:00,2016-01-19 19:00:00,245.38
2016-01-19 20:00:00,2016-01-19 20:00:00,241.1
2016-01-19 21:00:00,2016-01-19 21:00:00,241.29
2016-01-19 22:00:00,2016-01-19 22:00:00,233.44
2016-01-19 23:00:00,2016-01-19 23:00:00,233.53
2016-01-20 00:00:00,2016-01-20 00:00:00,232.69
2016-01-20 01:00:00,2016-01-20 01:00:00,235.8
2016-01-20 02:00:00,2016-01-20 02:00:00,232.96
2016-01-20 03:00:00,2016-01-20 03:00:00,235.64
2016-01-20 04:00:00,2016-01-20 04:00:00,234.72
2016-01-20 05:00:00,2016-01-20 05:00:00,233.07
2016-01-20 06:00:00,2016-01-20 06:00:00,241.06
2016-01-20 07:00:00,2016-01-20 07:00:00,284.85
2016-01-20 08:00:00,2016-01-20 08:00:00,311.08
2016-01-20 09:00:00,2016-01-20 09:00:00,313.53
2016-01-20 10:00:00,2016-01-20 10:00:00,303.01
2016-01-20 11:00:00,2016-01-20 11:00:00,301.03
2016-01-20 12:00:00,2016-01-20 12:00:00,300.12
2016-01-20 13:00:00,2016-01-20 13:00:00,297.29
2016-01-20 14:00:00,2016-01-20 14:00:00,297.17
2016-01-20 15:00:00,2016-01-20 15:00:00,290.2
2016-01-20 16:00:00,2016-01-20 16:00:00,279.17
2016-01-20 17:00:00,2016-01-20 17:00:00,272.3
2016-01-20 18:00:00,2016-01-20 18:00:00,256.2
2016-01-20 19:00:00,2016-01-20 19:00:00,231.39
2016-01-20 20:00:00,2016-01-20 20:00:00,227.8
2016-01-20 21:00:00,2016-01-20 21:00:00,225.5
2016-01-20 22:00:00,2016-01-20 22:00:00,222.08
2016-01-20 23:00:00,2016-01-20 23:00:00,220.69
2016-01-21 00:00:00,2016-01-21 00:00:00,221.5
2016-01-21 01:00:00,2016-01-21 01:00:00,216.15
2016-01-21 02:00:00,2016-01-21 02:00:00,217.13
2016-01-21 03:00:00,2016-01-21 03:00:00,216.19
2016-01-21 04:00:00,2016-01-21 04:00:00,216.11
2016-01-21 05:00:00,2016-01-21 05:00:00,216.48
2016-01-21 06:00:00,2016-01-21 06:00:00,223.9
2016-01-21 07:00:00,2016-01-21 07:00:00,247.78
2016-01-21 08:00:00,2016-01-21 08:00:00,258.4
2016-01-21 09:00:00,2016-01-21 09:00:00,261.61
2016-01-21 10:00:00,2016-01-21 10:00:00,268.57
2016-01-21 11:00:00,2016-01-21 11:00:00,284.47
2016-01-21 12:00:00,2016-01-21 12:00:00,289.65
2016-01-21 13:00:00,2016-01-21 13:00:00,282.85
2016-01-21 14:00:00,2016-01-21 14:00:00,264.89
2016-01-21 15:00:00,2016-01-21 15:00:00,258.42
2016-01-21 16:00:00,2016-01-21 16:00:00,255.49
2016-01-21 17:00:00,2016-01-21 17:00:00,234.66
2016-01-21 18:00:00,2016-01-21 18:00:00,212.82
2016-01-21 19:00:00,2016-01-21 19:00:00,205.57
2016-01-21 20:00:00,2016-01-21 20:00:00,206.17
2016-01-21 21:00:00,2016-01-21 21:00:00,209.17
2016-01-21 22:00:00,2016-01-21 22:00:00,207.96
2016-01-21 23:00:00,2016-01-21 23:00:00,205.95
2016-01-22 00:00:00,2016-01-22 00:00:00,207.16
2016-01-22 01:00:00,2016-01-22 01:00:00,218.89
2016-01-22 02:00:00,2016-01-22 02:00:00,218.54
2016-01-22 03:00:00,2016-01-22 03:00:00,221.14
2016-01-22 04:00:00,2016-01-22 04:00:00,222.59
2016-01-22 05:00:00,2016-01-22 05:00:00,225.08
2016-01-22 06:00:00,2016-01-22 06:00:00,233.3
2016-01-22 07:00:00,2016-01-22 07:00:00,259.68
2016-01-22 08:00:00,2016-01-22 08:00:00,272.43
2016-01-22 09:00:00,2016-01-22 09:00:00,275.26
2016-01-22 10:00:00,2016-01-22 10:00:00,267.77
2016-01-22 11:00:00,2016-01-22 11:00:00,259.39
2016-01-22 12:00:00,2016-01-22 12:00:00,257.5
2016-01-22 13:00:00,2016-01-22 13:00:00,250.03
2016-01-22 14:00:00,2016-01-22 14:00:00,251.67
2016-01-22 15:00:00,2016-01-22 15:00:00,250.32
2016-01-22 16:00:00,2016-01-22 16:00:00,237.48
2016-01-22 17:00:00,2016-01-22 17:00:00,224.17
2016-01-22 18:00:00,2016-01-22 18:00:00,220.31
2016-01-22 19:00:00,2016-01-22 19:00:00,218.09
2016-01-22 20:00:00,2016-01-22 20:00:00,218.26
2016-01-22 21:00:00,2016-01-22 21:00:00,220.5
2016-01-22 22:00:00,2016-01-22 22:00:00,219.56
2016-01-22 23:00:00,2016-01-22 23:00:00,218.85
2016-01-23 00:00:00,2016-01-23 00:00:00,218.25
2016-01-23 01:00:00,2016-01-23 01:00:00,210.97
2016-01-23 02:00:00,2016-01-23 02:00:00,210.23
2016-01-23 03:00:00,2016-01-23 03:00:00,210.59
2016-01-23 04:00:00,2016-01-23 04:00:00,210.71
2016-01-23 05:00:00,2016-01-23 05:00:00,209.96
2016-01-23 06:00:00,2016-01-23 06:00:00,209.07
2016-01-23 07:00:00,2016-01-23 07:00:00,207.04
2016-01-23 08:00:00,2016-01-23 08:00:00,204.88
2016-01-23 09:00:00,2016-01-23 09:00:00,199.27
2016-01-23 10:00:00,2016-01-23 10:00:00,204.19
2016-01-23 11:00:00,2016-01-23 11:00:00,203.35
2016-01-23 12:00:00,2016-01-23 12:00:00,204.4
2016-01-23 13:00:00,2016-01-23 13:00:00,204.36
2016-01-23 14:00:00,2016-01-23 14:00:00,203.51
2016-01-23 15:00:00,2016-01-23 15:00:00,201.42
2016-01-23 16:00:00,2016-01-23 16:00:00,196.01
2016-01-23 17:00:00,2016-01-23 17:00:00,196.18
2016-01-23 18:00:00,2016-01-23 18:00:00,199.41
2016-01-23 19:00:00,2016-01-23 19:00:00,201.21
2016-01-23 20:00:00,2016-01-23 20:00:00,202.5
2016-01-23 21:00:00,2016-01-23 21:00:00,208.13
2016-01-23 22:00:00,2016-01-23 22:00:00,211.56
2016-01-23 23:00:00,2016-01-23 23:00:00,215.24
2016-01-24 00:00:00,2016-01-24 00:00:00,215.19
2016-01-24 01:00:00,2016-01-24 01:00:00,215.15
2016-01-24 02:00:00,2016-01-24 02:00:00,215.27
2016-01-24 03:00:00,2016-01-24 03:00:00,215.87
2016-01-24 04:00:00,2016-01-24 04:00:00,214.0
2016-01-24 05:00:00,2016-01-24 05:00:00,216.01
2016-01-24 06:00:00,2016-01-24 06:00:00,216.07
2016-01-24 07:00:00,2016-01-24 07:00:00,217.27
2016-01-24 08:00:00,2016-01-24 08:00:00,213.28
2016-01-24 09:00:00,2016-01-24 09:00:00,213.35
2016-01-24 10:00:00,2016-01-24 10:00:00,216.14
2016-01-24 11:00:00,2016-01-24 11:00:00,212.29
2016-01-24 12:00:00,2016-01-24 12:00:00,206.97
2016-01-24 13:00:00,2016-01-24 13:00:00,206.26
2016-01-24 14:00:00,2016-01-24 14:00:00,205.94
2016-01-24 15:00:00,2016-01-24 15:00:00,206.11
2016-01-24 16:00:00,2016-01-24 16:00:00,204.02
2016-01-24 17:00:00,2016-01-24 17:00:00,205.06
2016-01-24 18:00:00,2016-01-24 18:00:00,209.18
2016-01-24 19:00:00,2016-01-24 19:00:00,212.26
2016-01-24 20:00:00,2016-01-24 20:00:00,213.06
2016-01-24 21:00:00,2016-01-24 21:00:00,215.82
2016-01-24 22:00:00,2016-01-24 22:00:00,214.98
2016-01-24 23:00:00,2016-01-24 23:00:00,215.35
2016-01-25 00:00:00,2016-01-25 00:00:00,214.3
2016-01-25 01:00:00,2016-01-25 01:00:00,214.74
2016-01-25 02:00:00,2016-01-25 02:00:00,216.2
2016-01-25 03:00:00,2016-01-25 03:00:00,217.68
2016-01-25 04:00:00,2016-01-25 04:00:00,217.63
2016-01-25 05:00:00,2016-01-25 05:00:00,221.8
2016-01-25 06:00:00,2016-01-25 06:00:00,225.97
2016-01-25 07:00:00,2016-01-25 07:00:00,237.59
2016-01-25 08:00:00,2016-01-25 08:00:00,245.2
2016-01-25 09:00:00,2016-01-25 09:00:00,251.26
2016-01-25 10:00:00,2016-01-25 10:00:00,251.48
2016-01-25 11:00:00,2016-01-25 11:00:00,254.34
2016-01-25 12:00:00,2016-01-25 12:00:00,256.94
2016-01-25 13:00:00,2016-01-25 13:00:00,255.8
2016-01-25 14:00:00,2016-01-25 14:00:00,254.88
2016-01-25 15:00:00,2016-01-25 15:00:00,256.03
2016-01-25 16:00:00,2016-01-25 16:00:00,245.13
2016-01-25 17:00:00,2016-01-25 17:00:00,237.25
2016-01-25 18:00:00,2016-01-25 18:00:00,234.68
2016-01-25 19:00:00,2016-01-25 19:00:00,229.11
2016-01-25 20:00:00,2016-01-25 20:00:00,225.9
2016-01-25 21:00:00,2016-01-25 21:00:00,225.81
2016-01-25 22:00:00,2016-01-25 22:00:00,223.53
2016-01-25 23:00:00,2016-01-25 23:00:00,223.55
2016-01-26 00:00:00,2016-01-26 00:00:00,221.08
2016-01-26 01:00:00,2016-01-26 01:00:00,222.29
2016-01-26 02:00:00,2016-01-26 02:00:00,220.26
2016-01-26 03:00:00,2016-01-26 03:00:00,219.4
2016-01-26 04:00:00,2016-01-26 04:00:00,220.69
2016-01-26 05:00:00,2016-01-26 05:00:00,219.32
2016-01-26 06:00:00,2016-01-26 06:00:00,231.65
2016-01-26 07:00:00,2016-01-26 07:00:00,258.96
2016-01-26 08:00:00,2016-01-26 08:00:00,279.28
2016-01-26 09:00:00,2016-01-26 09:00:00,286.62
2016-01-26 10:00:00,2016-01-26 10:00:00,287.88
2016-01-26 11:00:00,2016-01-26 11:00:00,281.72
2016-01-26 12:00:00,2016-01-26 12:00:00,266.36
2016-01-26 13:00:00,2016-01-26 13:00:00,248.97
2016-01-26 14:00:00,2016-01-26 14:00:00,243.28
2016-01-26 15:00:00,2016-01-26 15:00:00,241.45
2016-01-26 16:00:00,2016-01-26 16:00:00,232.54
2016-01-26 17:00:00,2016-01-26 17:00:00,222.08
2016-01-26 18:00:00,2016-01-26 18:00:00,215.73
2016-01-26 19:00:00,2016-01-26 19:00:00,210.07
2016-01-26 20:00:00,2016-01-26 20:00:00,210.38
2016-01-26 21:00:00,2016-01-26 21:00:00,214.3
2016-01-26 22:00:00,2016-01-26 22:00:00,208.45
2016-01-26 23:00:00,2016-01-26 23:00:00,208.78
2016-01-27 00:00:00,2016-01-27 00:00:00,210.11
2016-01-27 01:00:00,2016-01-27 01:00:00,212.42
2016-01-27 02:00:00,2016-01-27 02:00:00,211.13
2016-01-27 03:00:00,2016-01-27 03:00:00,214.78
2016-01-27 04:00:00,2016-01-27 04:00:00,214.91
2016-01-27 05:00:00,2016-01-27 05:00:00,218.65
2016-01-27 06:00:00,2016-01-27 06:00:00,227.24
2016-01-27 07:00:00,2016-01-27 07:00:00,262.85
2016-01-27 08:00:00,2016-01-27 08:00:00,286.56
2016-01-27 09:00:00,2016-01-27 09:00:00,303.92
2016-01-27 10:00:00,2016-01-27 10:00:00,291.18
2016-01-27 11:00:00,2016-01-27 11:00:00,287.96
2016-01-27 12:00:00,2016-01-27 12:00:00,287.28
2016-01-27 13:00:00,2016-01-27 13:00:00,270.14
2016-01-27 14:00:00,2016-01-27 14:00:00,267.96
2016-01-27 15:00:00,2016-01-27 15:00:00,266.12
2016-01-27 16:00:00,2016-01-27 16:00:00,256.54
2016-01-27 17:00:00,2016-01-27 17:00:00,247.27
2016-01-27 18:00:00,2016-01-27 18:00:00,235.87
2016-01-27 19:00:00,2016-01-27 19:00:00,216.61
2016-01-27 20:00:00,2016-01-27 20:00:00,206.48
2016-01-27 21:00:00,2016-01-27 21:00:00,201.01
2016-01-27 22:00:00,2016-01-27 22:00:00,198.15
2016-01-27 23:00:00,2016-01-27 23:00:00,196.72
2016-01-28 00:00:00,2016-01-28 00:00:00,196.07
2016-01-28 01:00:00,2016-01-28 01:00:00,192.12
2016-01-28 02:00:00,2016-01-28 02:00:00,191.27
2016-01-28 03:00:00,2016-01-28 03:00:00,190.44
2016-01-28 04:00:00,2016-01-28 04:00:00,191.58
2016-01-28 05:00:00,2016-01-28 05:00:00,191.9
2016-01-28 06:00:00,2016-01-28 06:00:00,212.66
2016-01-28 07:00:00,2016-01-28 07:00:00,244.27
2016-01-28 08:00:00,2016-01-28 08:00:00,271.18
2016-01-28 09:00:00,2016-01-28 09:00:00,278.37
2016-01-28 10:00:00,2016-01-28 10:00:00,268.44
2016-01-28 11:00:00,2016-01-28 11:00:00,269.17
2016-01-28 12:00:00,2016-01-28 12:00:00,270.97
2016-01-28 13:00:00,2016-01-28 13:00:00,253.88
2016-01-28 14:00:00,2016-01-28 14:00:00,246.76
2016-01-28 15:00:00,2016-01-28 15:00:00,247.5
2016-01-28 16:00:00,2016-01-28 16:00:00,246.57
2016-01-28 17:00:00,2016-01-28 17:00:00,243.79
2016-01-28 18:00:00,2016-01-28 18:00:00,226.95
2016-01-28 19:00:00,2016-01-28 19:00:00,217.27
2016-01-28 20:00:00,2016-01-28 20:00:00,208.97
2016-01-28 21:00:00,2016-01-28 21:00:00,204.67
2016-01-28 22:00:00,2016-01-28 22:00:00,202.62
2016-01-28 23:00:00,2016-01-28 23:00:00,201.96
2016-01-29 00:00:00,2016-01-29 00:00:00,200.64
2016-01-29 01:00:00,2016-01-29 01:00:00,214.17
2016-01-29 02:00:00,2016-01-29 02:00:00,213.03
2016-01-29 03:00:00,2016-01-29 03:00:00,214.87
2016-01-29 04:00:00,2016-01-29 04:00:00,217.66
2016-01-29 05:00:00,2016-01-29 05:00:00,217.44
2016-01-29 06:00:00,2016-01-29 06:00:00,225.53
2016-01-29 07:00:00,2016-01-29 07:00:00,271.57
2016-01-29 08:00:00,2016-01-29 08:00:00,299.27
2016-01-29 09:00:00,2016-01-29 09:00:00,313.69
2016-01-29 10:00:00,2016-01-29 10:00:00,306.37
2016-01-29 11:00:00,2016-01-29 11:00:00,302.73
2016-01-29 12:00:00,2016-01-29 12:00:00,289.05
2016-01-29 13:00:00,2016-01-29 13:00:00,267.51
2016-01-29 14:00:00,2016-01-29 14:00:00,272.06
2016-01-29 15:00:00,2016-01-29 15:00:00,269.47
2016-01-29 16:00:00,2016-01-29 16:00:00,255.78
2016-01-29 17:00:00,2016-01-29 17:00:00,230.19
2016-01-29 18:00:00,2016-01-29 18:00:00,221.99
2016-01-29 19:00:00,2016-01-29 19:00:00,221.96
2016-01-29 20:00:00,2016-01-29 20:00:00,215.91
2016-01-29 21:00:00,2016-01-29 21:00:00,210.24
2016-01-29 22:00:00,2016-01-29 22:00:00,210.57
2016-01-29 23:00:00,2016-01-29 23:00:00,209.25
2016-01-30 00:00:00,2016-01-30 00:00:00,208.49
2016-01-30 01:00:00,2016-01-30 01:00:00,92.83
2016-01-30 02:00:00,2016-01-30 02:00:00,92.14
2016-01-30 03:00:00,2016-01-30 03:00:00,92.76
2016-01-30 04:00:00,2016-01-30 04:00:00,93.14
2016-01-30 05:00:00,2016-01-30 05:00:00,92.59
2016-01-30 06:00:00,2016-01-30 06:00:00,93.79
2016-01-30 07:00:00,2016-01-30 07:00:00,93.8
2016-01-30 08:00:00,2016-01-30 08:00:00,94.16
2016-01-30 09:00:00,2016-01-30 09:00:00,94.89
2016-01-30 10:00:00,2016-01-30 10:00:00,92.15
2016-01-30 11:00:00,2016-01-30 11:00:00,91.07
2016-01-30 12:00:00,2016-01-30 12:00:00,91.09
2016-01-30 13:00:00,2016-01-30 13:00:00,89.17
2016-01-30 14:00:00,2016-01-30 14:00:00,89.17
2016-01-30 15:00:00,2016-01-30 15:00:00,88.35
2016-01-30 16:00:00,2016-01-30 16:00:00,88.26
2016-01-30 17:00:00,2016-01-30 17:00:00,89.36
2016-01-30 18:00:00,2016-01-30 18:00:00,92.07
2016-01-30 19:00:00,2016-01-30 19:00:00,93.81
2016-01-30 20:00:00,2016-01-30 20:00:00,93.79
2016-01-30 21:00:00,2016-01-30 21:00:00,95.42
2016-01-30 22:00:00,2016-01-30 22:00:00,96.26
2016-01-30 23:00:00,2016-01-30 23:00:00,97.15
2016-01-31 00:00:00,2016-01-31 00:00:00,97.13
2016-01-31 01:00:00,2016-01-31 01:00:00,97.34
2016-01-31 02:00:00,2016-01-31 02:00:00,97.07
2016-01-31 03:00:00,2016-01-31 03:00:00,97.62
2016-01-31 04:00:00,2016-01-31 04:00:00,96.68
2016-01-31 05:00:00,2016-01-31 05:00:00,97.0
2016-01-31 06:00:00,2016-01-31 06:00:00,97.37
2016-01-31 07:00:00,2016-01-31 07:00:00,97.77
2016-01-31 08:00:00,2016-01-31 08:00:00,96.36
2016-01-31 09:00:00,2016-01-31 09:00:00,96.43
2016-01-31 10:00:00,2016-01-31 10:00:00,97.99
2016-01-31 11:00:00,2016-01-31 11:00:00,95.88
2016-01-31 12:00:00,2016-01-31 12:00:00,90.98
2016-01-31 13:00:00,2016-01-31 13:00:00,89.54
2016-01-31 14:00:00,2016-01-31 14:00:00,89.83
2016-01-31 15:00:00,2016-01-31 15:00:00,88.81
2016-01-31 16:00:00,2016-01-31 16:00:00,88.03
2016-01-31 17:00:00,2016-01-31 17:00:00,89.33
2016-01-31 18:00:00,2016-01-31 18:00:00,91.75
2016-01-31 19:00:00,2016-01-31 19:00:00,94.85
2016-01-31 20:00:00,2016-01-31 20:00:00,96.07
2016-01-31 21:00:00,2016-01-31 21:00:00,96.83
2016-01-31 22:00:00,2016-01-31 22:00:00,96.91
2016-01-31 23:00:00,2016-01-31 23:00:00,96.55
2016-02-01 00:00:00,2016-02-01 00:00:00,96.55
2016-02-01 01:00:00,2016-02-01 01:00:00,97.02
2016-02-01 02:00:00,2016-02-01 02:00:00,97.74
2016-02-01 03:00:00,2016-02-01 03:00:00,98.65
2016-02-01 04:00:00,2016-02-01 04:00:00,99.28
2016-02-01 05:00:00,2016-02-01 05:00:00,100.34
2016-02-01 06:00:00,2016-02-01 06:00:00,101.01
2016-02-01 07:00:00,2016-02-01 07:00:00,112.43
2016-02-01 08:00:00,2016-02-01 08:00:00,120.8
2016-02-01 09:00:00,2016-02-01 09:00:00,128.83
2016-02-01 10:00:00,2016-02-01 10:00:00,128.94
2016-02-01 11:00:00,2016-02-01 11:00:00,132.17
2016-02-01 12:00:00,2016-02-01 12:00:00,135.79
2016-02-01 13:00:00,2016-02-01 13:00:00,133.81
2016-02-01 14:00:00,2016-02-01 14:00:00,132.89
2016-02-01 15:00:00,2016-02-01 15:00:00,132.91
2016-02-01 16:00:00,2016-02-01 16:00:00,123.31
2016-02-01 17:00:00,2016-02-01 17:00:00,117.03
2016-02-01 18:00:00,2016-02-01 18:00:00,113.37
2016-02-01 19:00:00,2016-02-01 19:00:00,110.46
2016-02-01 20:00:00,2016-02-01 20:00:00,107.34
2016-02-01 21:00:00,2016-02-01 21:00:00,105.1
2016-02-01 22:00:00,2016-02-01 22:00:00,104.77
2016-02-01 23:00:00,2016-02-01 23:00:00,104.81
2016-02-02 00:00:00,2016-02-02 00:00:00,103.49
2016-02-02 01:00:00,2016-02-02 01:00:00,104.6
2016-02-02 02:00:00,2016-02-02 02:00:00,102.03
2016-02-02 03:00:00,2016-02-02 03:00:00,101.64
2016-02-02 04:00:00,2016-02-02 04:00:00,103.04
2016-02-02 05:00:00,2016-02-02 05:00:00,99.81
2016-02-02 06:00:00,2016-02-02 06:00:00,108.54
2016-02-02 07:00:00,2016-02-02 07:00:00,114.58
2016-02-02 08:00:00,2016-02-02 08:00:00,118.05
2016-02-02 09:00:00,2016-02-02 09:00:00,128.85
2016-02-02 10:00:00,2016-02-02 10:00:00,133.9
2016-02-02 11:00:00,2016-02-02 11:00:00,137.19
2016-02-02 12:00:00,2016-02-02 12:00:00,138.15
2016-02-02 13:00:00,2016-02-02 13:00:00,135.69
2016-02-02 14:00:00,2016-02-02 14:00:00,132.13
2016-02-02 15:00:00,2016-02-02 15:00:00,131.84
2016-02-02 16:00:00,2016-02-02 16:00:00,123.58
2016-02-02 17:00:00,2016-02-02 17:00:00,114.56
2016-02-02 18:00:00,2016-02-02 18:00:00,107.77
2016-02-02 19:00:00,2016-02-02 19:00:00,102.61
2016-02-02 20:00:00,2016-02-02 20:00:00,102.32
2016-02-02 21:00:00,2016-02-02 21:00:00,104.25
2016-02-02 22:00:00,2016-02-02 22:00:00,100.86
2016-02-02 23:00:00,2016-02-02 23:00:00,101.91
2016-02-03 00:00:00,2016-02-03 00:00:00,102.5
2016-02-03 01:00:00,2016-02-03 01:00:00,103.97
2016-02-03 02:00:00,2016-02-03 02:00:00,101.8
2016-02-03 03:00:00,2016-02-03 03:00:00,104.08
2016-02-03 04:00:00,2016-02-03 04:00:00,102.68
2016-02-03 05:00:00,2016-02-03 05:00:00,102.11
2016-02-03 06:00:00,2016-02-03 06:00:00,108.47
2016-02-03 07:00:00,2016-02-03 07:00:00,117.84
2016-02-03 08:00:00,2016-02-03 08:00:00,127.45
2016-02-03 09:00:00,2016-02-03 09:00:00,131.04
2016-02-03 10:00:00,2016-02-03 10:00:00,129.55
2016-02-03 11:00:00,2016-02-03 11:00:00,127.76
2016-02-03 12:00:00,2016-02-03 12:00:00,125.35
2016-02-03 13:00:00,2016-02-03 13:00:00,124.59
2016-02-03 14:00:00,2016-02-03 14:00:00,125.58
2016-02-03 15:00:00,2016-02-03 15:00:00,123.12
2016-02-03 16:00:00,2016-02-03 16:00:00,116.02
2016-02-03 17:00:00,2016-02-03 17:00:00,107.89
2016-02-03 18:00:00,2016-02-03 18:00:00,107.91
2016-02-03 19:00:00,2016-02-03 19:00:00,101.82
2016-02-03 20:00:00,2016-02-03 20:00:00,101.82
2016-02-03 21:00:00,2016-02-03 21:00:00,98.67
2016-02-03 22:00:00,2016-02-03 22:00:00,96.84
2016-02-03 23:00:00,2016-02-03 23:00:00,95.67
2016-02-04 00:00:00,2016-02-04 00:00:00,96.0
2016-02-04 01:00:00,2016-02-04 01:00:00,90.95
2016-02-04 02:00:00,2016-02-04 02:00:00,91.35
2016-02-04 03:00:00,2016-02-04 03:00:00,90.53
2016-02-04 04:00:00,2016-02-04 04:00:00,90.92
2016-02-04 05:00:00,2016-02-04 05:00:00,90.51
2016-02-04 06:00:00,2016-02-04 06:00:00,97.59
2016-02-04 07:00:00,2016-02-04 07:00:00,104.34
2016-02-04 08:00:00,2016-02-04 08:00:00,111.26
2016-02-04 09:00:00,2016-02-04 09:00:00,110.94
2016-02-04 10:00:00,2016-02-04 10:00:00,109.16
2016-02-04 11:00:00,2016-02-04 11:00:00,110.25
2016-02-04 12:00:00,2016-02-04 12:00:00,108.65
2016-02-04 13:00:00,2016-02-04 13:00:00,100.63
2016-02-04 14:00:00,2016-02-04 14:00:00,96.94
2016-02-04 15:00:00,2016-02-04 15:00:00,95.18
2016-02-04 16:00:00,2016-02-04 16:00:00,95.34
2016-02-04 17:00:00,2016-02-04 17:00:00,94.34
2016-02-04 18:00:00,2016-02-04 18:00:00,86.41
2016-02-04 19:00:00,2016-02-04 19:00:00,84.53
2016-02-04 20:00:00,2016-02-04 20:00:00,85.57
2016-02-04 21:00:00,2016-02-04 21:00:00,87.57
2016-02-04 22:00:00,2016-02-04 22:00:00,87.75
2016-02-04 23:00:00,2016-02-04 23:00:00,86.49
2016-02-05 00:00:00,2016-02-05 00:00:00,87.54
2016-02-05 01:00:00,2016-02-05 01:00:00,99.73
2016-02-05 02:00:00,2016-02-05 02:00:00,99.41
2016-02-05 03:00:00,2016-02-05 03:00:00,100.76
2016-02-05 04:00:00,2016-02-05 04:00:00,103.18
2016-02-05 05:00:00,2016-02-05 05:00:00,103.19
2016-02-05 06:00:00,2016-02-05 06:00:00,108.38
2016-02-05 07:00:00,2016-02-05 07:00:00,133.12
2016-02-05 08:00:00,2016-02-05 08:00:00,141.92
2016-02-05 09:00:00,2016-02-05 09:00:00,144.2
2016-02-05 10:00:00,2016-02-05 10:00:00,139.89
2016-02-05 11:00:00,2016-02-05 11:00:00,138.24
2016-02-05 12:00:00,2016-02-05 12:00:00,136.37
2016-02-05 13:00:00,2016-02-05 13:00:00,127.85
2016-02-05 14:00:00,2016-02-05 14:00:00,130.69
2016-02-05 15:00:00,2016-02-05 15:00:00,127.84
2016-02-05 16:00:00,2016-02-05 16:00:00,116.85
2016-02-05 17:00:00,2016-02-05 17:00:00,103.08
2016-02-05 18:00:00,2016-02-05 18:00:00,99.04
2016-02-05 19:00:00,2016-02-05 19:00:00,99.41
2016-02-05 20:00:00,2016-02-05 20:00:00,99.12
2016-02-05 21:00:00,2016-02-05 21:00:00,100.91
2016-02-05 22:00:00,2016-02-05 22:00:00,101.68
2016-02-05 23:00:00,2016-02-05 23:00:00,100.4
2016-02-06 00:00:00,2016-02-06 00:00:00,100.82
2016-02-06 01:00:00,2016-02-06 01:00:00,92.83
2016-02-06 02:00:00,2016-02-06 02:00:00,92.14
2016-02-06 03:00:00,2016-02-06 03:00:00,92.76
2016-02-06 04:00:00,2016-02-06 04:00:00,93.14
2016-02-06 05:00:00,2016-02-06 05:00:00,92.59
2016-02-06 06:00:00,2016-02-06 06:00:00,93.79
2016-02-06 07:00:00,2016-02-06 07:00:00,93.8
2016-02-06 08:00:00,2016-02-06 08:00:00,94.16
2016-02-06 09:00:00,2016-02-06 09:00:00,94.89
2016-02-06 10:00:00,2016-02-06 10:00:00,92.15
2016-02-06 11:00:00,2016-02-06 11:00:00,91.07
2016-02-06 12:00:00,2016-02-06 12:00:00,91.09
2016-02-06 13:00:00,2016-02-06 13:00:00,89.17
2016-02-06 14:00:00,2016-02-06 14:00:00,89.17
2016-02-06 15:00:00,2016-02-06 15:00:00,88.35
2016-02-06 16:00:00,2016-02-06 16:00:00,88.26
2016-02-06 17:00:00,2016-02-06 17:00:00,89.36
2016-02-06 18:00:00,2016-02-06 18:00:00,92.07
2016-02-06 19:00:00,2016-02-06 19:00:00,93.81
2016-02-06 20:00:00,2016-02-06 20:00:00,93.79
2016-02-06 21:00:00,2016-02-06 21:00:00,95.42
2016-02-06 22:00:00,2016-02-06 22:00:00,96.26
2016-02-06 23:00:00,2016-02-06 23:00:00,97.15
2016-02-07 00:00:00,2016-02-07 00:00:00,97.13
2016-02-07 01:00:00,2016-02-07 01:00:00,97.34
2016-02-07 02:00:00,2016-02-07 02:00:00,97.07
2016-02-07 03:00:00,2016-02-07 03:00:00,97.62
2016-02-07 04:00:00,2016-02-07 04:00:00,96.68
2016-02-07 05:00:00,2016-02-07 05:00:00,97.0
2016-02-07 06:00:00,2016-02-07 06:00:00,97.37
2016-02-07 07:00:00,2016-02-07 07:00:00,97.77
2016-02-07 08:00:00,2016-02-07 08:00:00,96.36
2016-02-07 09:00:00,2016-02-07 09:00:00,96.43
2016-02-07 10:00:00,2016-02-07 10:00:00,97.99
2016-02-07 11:00:00,2016-02-07 11:00:00,95.88
2016-02-07 12:00:00,2016-02-07 12:00:00,90.98
2016-02-07 13:00:00,2016-02-07 13:00:00,89.54
2016-02-07 14:00:00,2016-02-07 14:00:00,89.83
2016-02-07 15:00:00,2016-02-07 15:00:00,88.81
2016-02-07 16:00:00,2016-02-07 16:00:00,88.03
2016-02-07 17:00:00,2016-02-07 17:00:00,89.33
2016-02-07 18:00:00,2016-02-07 18:00:00,91.75
2016-02-07 19:00:00,2016-02-07 19:00:00,94.85
2016-02-07 20:00:00,2016-02-07 20:00:00,96.07
2016-02-07 21:00:00,2016-02-07 21:00:00,96.83
2016-02-07 22:00:00,2016-02-07 22:00:00,96.91
2016-02-07 23:00:00,2016-02-07 23:00:00,96.55
2016-02-08 00:00:00,2016-02-08 00:00:00,96.55
